人間失格,9784101010083
こころ,9784101010137
羅生門,9784101020013
雪国,9784101001081
銀河鉄道の夜,9784101092058
檸檬,9784101092041
坊っちゃん,9784061960114
吾輩は猫である,9784101010014
斜陽,9784101010045
舞姫,9784101092010
走れメロス,9784101092034
女生徒,9784101092027
山椒魚,9784101092065
高野聖,9784101092089
蟹工船,9784101092102
伊豆の踊子,9784101001036
細雪（上）,9784101003016
細雪（下）,9784101003023
日本沈没,9784094089662
砂の女,9784101094013
ノルウェイの森（上）,9784101001548
ノルウェイの森（下）,9784101001555
1Q84 BOOK 1,9784103534228
1Q84 BOOK 2,9784103534235
1Q84 BOOK 3,9784103534242
海辺のカフカ（上）,9784101001593
海辺のカフカ（下）,9784101001609
スプートニクの恋人,9784101001579
羊をめぐる冒険,9784101001562
ダンス・ダンス・ダンス,9784101001623
コンビニ人間,9784167907227
火花,9784163903087
舟を編む,9784334766468
告白,9784575513442
白夜行,9784344428956
容疑者Xの献身,9784167110128
世界から猫が消えたなら,9784094060869
夜は短し歩けよ乙女,9784048739640
君の名は。,9784041026228
そしてバトンは渡された,9784167915543
嫌われる勇気,9784478025819
7つの習慣,9784863940245
思考は現実化する,9784478501658
金持ち父さん 貧乏父さん,9784480863309
影響力の武器,9784414304164
ファクトフルネス,9784822289607
エッセンシャル思考,9784761270433
ゼロから始めるDeep Learning,9784873117584
アウトプット大全,9784763139042
LIFE SHIFT,9784492533877
1984年,9784151200533
動物農場,9784151200519
星の王子さま,9784001156768
アルケミスト 夢を旅した少年,9784041046592
ライ麦畑でつかまえて,9784151200090
華氏451度,9784151200434
変身,9784102071019
罪と罰（上）,9784101096018
老人と海,9784102100018
アンネの日記,9784167661037
ハリー・ポッターと賢者の石,9784863893893
ハリー・ポッターと秘密の部屋,9784863893909
ホビットの冒険,9784001140125
指輪物語 旅の仲間（上）,9784152090010
指輪物語 旅の仲間（下）,9784152090027
そして誰もいなくなった,9784151310154
オリエント急行の殺人,9784151310147
ダ・ヴィンチ・コード（上）,9784042983018
風と共に去りぬ（上）,9784102094018
夜と霧,9784622007961